<?xml version="1.0" encoding="UTF-8"?>
<project xmlns="http://maven.apache.org/POM/4.0.0" xmlns:xsi="http://www.w3.org/2001/XMLSchema-instance" xsi:schemaLocation="http://maven.apache.org/POM/4.0.0 http://maven.apache.org/maven-v4_0_0.xsd">
  <modelVersion>4.0.0</modelVersion>
  <groupId>com.mutecsoft.atalk</groupId>
  <artifactId>AtalkClient</artifactId>
  <name>atalkclient</name>
  <version>1.0</version>
  <build>
    <plugins>
      <plugin>
        <artifactId>maven-compiler-plugin</artifactId>
        <version>3.13.0</version>
        <configuration>
          <source>21</source>
          <target>21</target>
          <encoding>UTF-8</encoding>
          <compilerArgs>
            <arg>--add-exports</arg>
            <arg>java.base/jdk.internal.misc=ALL-UNNAMED</arg>
          </compilerArgs>
        </configuration>
      </plugin>
      <plugin>
        <artifactId>maven-jar-plugin</artifactId>
        <version>3.4.2</version>
        <configuration>
          <archive>
            <manifest>
              <addClasspath>true</addClasspath>
              <classpathPrefix>lib/</classpathPrefix>
              <mainClass>${mainClass}</mainClass>
            </manifest>
          </archive>
        </configuration>
      </plugin>
      <plugin>
        <artifactId>maven-shade-plugin</artifactId>
        <version>3.6.0</version>
        <executions>
          <execution>
            <phase>package</phase>
            <goals>
              <goal>shade</goal>
            </goals>
            <configuration>
              <filters>
                <filter>
                  <artifact>*:*</artifact>
                  <excludes>
                    <exclude>META-INF/*.SF</exclude>
                    <exclude>META-INF/*.DSA</exclude>
                    <exclude>META-INF/*.RSA</exclude>
                  </excludes>
                </filter>
              </filters>
            </configuration>
          </execution>
        </executions>
      </plugin>
    </plugins>
  </build>
  <properties>
    <maven.compiler.target>21</maven.compiler.target>
    <mainClass>com.mutecsoft.atalk.logic.util.test.AtalkMainTest</mainClass>
    <java.version>21</java.version>
    <maven.compiler.source>21</maven.compiler.source>
  </properties>
</project>
