<?xml version="1.0" encoding="UTF-8"?>
<project xmlns="http://maven.apache.org/POM/4.0.0" xmlns:xsi="http://www.w3.org/2001/XMLSchema-instance"
	xsi:schemaLocation="http://maven.apache.org/POM/4.0.0 https://maven.apache.org/xsd/maven-4.0.0.xsd">
	<modelVersion>4.0.0</modelVersion>
	
	<parent>
		<groupId>org.springframework.boot</groupId>
		<artifactId>spring-boot-starter-parent</artifactId>
		<version>2.4.4</version>
		<!-- <vesion>2.7.9</version> -->
		<!-- <version>1.5.8.RELEASE</version> -->
		<relativePath />
	</parent>
	<!--
    <parent>
        <groupId>org.springframework.boot</groupId>
        <artifactId>spring-boot-starter-parent</artifactId>
        <version>2.3.1.RELEASE</version>
        <relativePath/>
    </parent>
    -->
    <groupId>com.lgcns.ucap</groupId>
    <artifactId>uCapTransAgent</artifactId>
    <version>1.0.0-SNAPSHOT</version>
    <packaging>war</packaging>
    <name>uCapTransAgent</name>
    <description>ucap translation application</description>

<!--
    <properties>
        <java.version>1.8</java.version>
        <passay.version>1.3.1</passay.version>
        <commons-text.version>1.4</commons-text.version>
        <skipTests>true</skipTests>
    </properties>
    -->
	<properties>
		<project.build.sourceEncoding>UTF-8</project.build.sourceEncoding>
		<project.reporting.outputEncoding>UTF-8</project.reporting.outputEncoding>
		<java.version>11</java.version>
		<!-- <java.version>11</java.version> -->
		<!-- Java 6 = JAX-B Version 2.0 -->
		<!-- Java 7 = JAX-B Version 2.2.3 -->
		<!-- Java 8 = JAX-B Version 2.2.8 -->
		 <passay.version>1.3.1</passay.version>
		  <commons-text.version>1.4</commons-text.version>
		<jaxb.version>2.3.0</jaxb.version>
		<jaction.xml.version>2.7.3</jaction.xml.version>
		<finalDistName>uCapTransAgent</finalDistName>
		<org.springframework-version>4.3.18.RELEASE</org.springframework-version>
		<org.aspectj-version>1.6.10</org.aspectj-version>
		<org.slf4j-version>1.6.6</org.slf4j-version>
 		<skipTests>true</skipTests>
	</properties>

    <dependencies>
        <dependency>
            <groupId>org.springframework.boot</groupId>
            <artifactId>spring-boot-starter-web</artifactId>            
        </dependency>  
       
         <dependency>
            <groupId>org.springframework.boot</groupId>
            <artifactId>spring-boot-starter-data-jpa</artifactId>
        </dependency>
        <!--
        <dependency>
            <groupId>org.springframework.boot</groupId>
            <artifactId>spring-boot-starter-security</artifactId>
        </dependency>
        -->
		<dependency>
		    <groupId>org.springframework.boot</groupId>
		    <artifactId>spring-boot-starter-data-redis</artifactId>
		</dependency>
        <dependency>
        	<groupId>org.springframework.boot</groupId>
        	<artifactId>spring-boot-starter-hateoas</artifactId>
        </dependency>      
        
	<!-- 
        <dependency>
            <groupId>org.springframework.security.oauth</groupId>
            <artifactId>spring-security-oauth2</artifactId>
            <version>2.3.2.RELEASE</version>
        </dependency>
       
        <dependency>
			<groupId>org.springframework.boot</groupId>
			<artifactId>spring-boot-starter-oauth2-resource-server</artifactId>
		</dependency>
		  -->
        <dependency>
        	<groupId>org.springframework.boot</groupId>
        	<artifactId>spring-boot-starter-aop</artifactId>
        </dependency>

<!--
        <dependency>
            <groupId>org.springframework.security</groupId>
            <artifactId>spring-security-jwt</artifactId>
            <version>1.0.10.RELEASE</version>
        </dependency>
-->



        <!--		<dependency>-->
        <!--			<groupId>org.springframework.boot</groupId>-->
        <!--			<artifactId>spring-boot-configuration-processor</artifactId>-->
        <!--			<optional>true</optional>-->
        <!--		</dependency>-->

        <!--		<dependency>-->
        <!--			<groupId>org.springframework.security.oauth.boot</groupId>-->
        <!--			<artifactId>spring-security-oauth2-autoconfigure</artifactId>-->
        <!--			<version>2.3.1.RELEASE</version>-->
        <!--		</dependency>-->
		
		<!-- spring actuator application health -->
		<dependency>
			<groupId>org.springframework.boot</groupId>
			<artifactId>spring-boot-starter-actuator</artifactId>
		</dependency>
		
        <dependency>
            <groupId>org.mariadb.jdbc</groupId>
            <artifactId>mariadb-java-client</artifactId>
            <scope>provided</scope>
        </dependency>

        <dependency>
            <groupId>com.google.guava</groupId>
            <artifactId>guava</artifactId>
            <version>29.0-jre</version>
        </dependency>

        <dependency>
            <groupId>org.modelmapper</groupId>
            <artifactId>modelmapper</artifactId>
            <version>2.3.7</version>
        </dependency>


        <dependency>
            <groupId>org.springframework.boot</groupId>
            <artifactId>spring-boot-devtools</artifactId>
            <scope>runtime</scope>
            <optional>true</optional>
        </dependency>
        <dependency>
            <groupId>org.springframework.boot</groupId>
            <artifactId>spring-boot-starter-tomcat</artifactId>
<!--             <scope>provided</scope> -->
        </dependency>
        
        <dependency>
            <groupId>javax.interceptor</groupId>
            <artifactId>javax.interceptor-api</artifactId>
            <version>1.2.2</version>
        </dependency>
		
		<dependency>
			<groupId>org.springframework.boot</groupId>
			<artifactId>spring-boot-starter-validation</artifactId>
		</dependency>

        <dependency>
            <groupId>org.springframework.restdocs</groupId>
            <artifactId>spring-restdocs-mockmvc</artifactId>
            <scope>test</scope>
        </dependency>
        <dependency>
            <groupId>org.springframework.boot</groupId>
            <artifactId>spring-boot-starter-test</artifactId>
            <scope>test</scope>
            <exclusions>
                <exclusion>
                    <groupId>org.junit.vintage</groupId>
                    <artifactId>junit-vintage-engine</artifactId>
                </exclusion>
            </exclusions>
        </dependency>
        <dependency>
            <groupId>org.springframework.security</groupId>
            <artifactId>spring-security-test</artifactId>
            <scope>test</scope>
        </dependency>
        <dependency>
            <groupId>junit</groupId>
            <artifactId>junit</artifactId>
            <scope>test</scope>
        </dependency>
        <dependency>
            <groupId>org.apache.httpcomponents</groupId>
            <artifactId>httpclient</artifactId>
        </dependency>
        <dependency>
            <groupId>org.apache.httpcomponents</groupId>
            <artifactId>httpcore</artifactId>
        </dependency>

        <dependency>
            <groupId>com.fasterxml.jackson.core</groupId>
            <artifactId>jackson-databind</artifactId>
            <version>2.11.1</version>
        </dependency>

        <dependency>
            <groupId>com.google.code.gson</groupId>
            <artifactId>gson</artifactId>
        </dependency>
        <dependency>
            <groupId>com.squareup.okhttp3</groupId>
            <artifactId>okhttp</artifactId>
        </dependency>
        <!-- lombok add by kikimans -->
        <dependency>
        	<groupId>org.projectlombok</groupId>
        	<artifactId>lombok</artifactId>
        	<optional>true</optional>
        </dependency>
        <dependency>
        	<groupId>ch.qos.logback</groupId>
        	<artifactId>logback-classic</artifactId>
        </dependency>
        <dependency>
        	<groupId>org.springframework.boot</groupId>
        	<artifactId>spring-boot-configuration-processor</artifactId>
        	<optional>true</optional>
        </dependency>
        
        <!-- apache -->
        <dependency>
		  <groupId>org.apache.commons</groupId>
		  <artifactId>commons-lang3</artifactId>
		</dependency>
		<dependency>
            <groupId>org.passay</groupId>
            <artifactId>passay</artifactId>
            <version>${passay.version}</version>
        </dependency>
        
        <dependency>
            <groupId>org.apache.commons</groupId>
            <artifactId>commons-text</artifactId>
            <version>${commons-text.version}</version>
        </dependency>
        <!-- audio -->
        <!-- https://mvnrepository.com/artifact/org/jaudiotagger -->
		<dependency>
		    <groupId>org</groupId>
		    <artifactId>jaudiotagger</artifactId>
		    <version>2.0.3</version>
		</dependency>
        <!-- aspectj -->
        <dependency>
        	<groupId>org.aspectj</groupId>
        	<artifactId>aspectjtools</artifactId>
        </dependency>
        <!-- https://mvnrepository.com/artifact/org.json/json -->
		<dependency>
		    <groupId>org.json</groupId>
		    <artifactId>json</artifactId>
		    <version>20231013</version>
		</dependency>

      	
    </dependencies>


  
    <build>
    	<finalName>uCapTransAgent</finalName>
    	<pluginManagement>
    		<plugins>
	            <plugin>
	                <groupId>org.springframework.boot</groupId>
	                <artifactId>spring-boot-maven-plugin</artifactId>
	            </plugin>
	
	            <plugin>
	                <groupId>org.apache.maven.plugins</groupId>
	                <artifactId>maven-surefire-plugin</artifactId>
	            </plugin>
	
				<plugin>
					<groupId>org.asciidoctor</groupId>
					<artifactId>asciidoctor-maven-plugin</artifactId>
					<version>2.0.0</version>
					<dependencies>
						<dependency>
							<groupId>org.springframework.restdocs</groupId>
							<artifactId>spring-restdocs-asciidoctor</artifactId>
							<version>2.0.2.RELEASE</version>
						</dependency>
	                    <dependency>
	                        <groupId>org.jruby</groupId>
	                        <artifactId>jruby-complete</artifactId>
	                        <version>9.2.11.1</version>
	                    </dependency>
	                    <dependency>
	                        <groupId>org.asciidoctor</groupId>
	                        <artifactId>asciidoctorj</artifactId>
	                        <version>2.3.0</version>
	                    </dependency>
					</dependencies>
	
	                <configuration>
	                    <sourceDirectory>src/docs/asciidoc</sourceDirectory>
	                    <outputDirectory>target/docs/asciidoc</outputDirectory>
	                    <backend>html</backend>
	                    <doctype>book</doctype>
	                    <!-- If you set baseDir to ${project.basedir}, top-level includes are resolved relative to the project root -->
	                    <!--
	                    <baseDir>${project.basedir}</baseDir>
	                    -->
	                    <!-- Attributes common to all output formats -->
	                    <attributes>
	                        <endpoint-url>http://example.org</endpoint-url>
	                        <sourcedir>${project.build.sourceDirectory}</sourcedir>
	                        <project-version>${project.version}</project-version>
	                    </attributes>
	                </configuration>
	                <executions>
	                    <execution>
	                        <id>asciidoc-to-html</id>
	                        <phase>generate-resources</phase>
	                        <goals>
	                            <goal>process-asciidoc</goal>
	                        </goals>
	                        <configuration>
	                            <backend>html5</backend>
	                            <!--
	                            Scenarios for linking vs embedding assets:
	                            Link to both stylesheets and images::
	                              - don't set embedAssets option
	                              - set linkcss attribute to true
	                              - set imagesdir attribute to path relative to AsciiDoc source file
	                              <attributes>
	                                  <linkcss>true</linkcss>
	                                  <imagesdir>./images</imagesdir>
	                              </attributes>
	                            Embed stylesheets and images::
	
	                              - set embedAssets option to true
	                              - don't set linkcss attribute
	                              - set imagesdir attribute to path relative to project root
	                              <embedAssets>true</embedAssets>
	                              <attributes>
	                                  <imagesdir>src/docs/asciidoc/images</imagesdir>
	                              </attributes>
	                            Link to stylesheets but embed images::
	
	                              - set embedAssets option to true
	                              - set linkcss attribute to true
	                              - set imagesdir attribute to path relative to project root
	                              <embedAssets>true</embedAssets>
	                              <attributes>
	                                  <linkcss>true</linkcss>
	                                  <imagesdir>src/docs/asciidoc/images</imagesdir>
	                              </attributes>
	                            Embed stylesheets but link images (default)::
	
	                              - don't set embedAssets option
	                              - don't set linkcss attribute
	                              - set imagesdir attribute to path relative to AsciiDoc source file
	                              <attributes>
	                                  <imagesdir>./images</imagesdir>
	                              </attributes>
	                            IMPORTANT: When you enable image embedding, you must qualify the path the the imagesdir, as shown above.
	                            -->
	                            <attributes>
	                                <source-highlighter>coderay</source-highlighter>
	                                <imagesdir>./images</imagesdir>
	                                <toc>left</toc>
	                                <icons>font</icons>
	                                <sectanchors>true</sectanchors>
	                                <!-- set the idprefix to blank -->
	                                <idprefix/>
	                                <idseparator>-</idseparator>
	                                <docinfo1>true</docinfo1>
	                            </attributes>
	                        </configuration>
	                    </execution>
	                </executions>
	
	<!--                <executions>-->
	<!--                    <execution>-->
	<!--                        <id>generate-docs</id>-->
	<!--                        <phase>prepare-package</phase>-->
	<!--                        <goals>-->
	<!--                            <goal>process-asciidoc</goal>-->
	<!--                        </goals>-->
	<!--                        <configuration>-->
	<!--                            <backend>html</backend>-->
	<!--                            <doctype>book</doctype>-->
	<!--                        </configuration>-->
	<!--                    </execution>-->
	<!--                </executions>-->
	
	
				</plugin>
	
				<plugin>
					<artifactId>maven-resources-plugin</artifactId>
					<version>3.1.0</version>
					<executions>
						<execution>
							<id>copy-resources</id>
							<phase>prepare-package</phase>
							<goals>
								<goal>copy-resources</goal>
							</goals>
							<configuration>
								<outputDirectory>
									${project.build.outputDirectory}/static/docs
								</outputDirectory>
								<resources>
									<resource>
										<directory>
											${project.build.directory}/generated-docs
										</directory>
									</resource>
								</resources>
							</configuration>
						</execution>
					</executions>
				</plugin>
				<plugin>
					<groupId>org.apache.maven.plugins</groupId>
					<artifactId>maven-compiler-plugin</artifactId>
					<version>3.8.1</version>
					<configuration>
						<compilerArgs>
							<arg>--add-exports</arg>
							<arg>java.base/jdk.internal.misc=ALL-UNNAMED</arg>
						</compilerArgs>
					</configuration>
				</plugin>
	        </plugins>
    	</pluginManagement>
        
    </build>
    
    <profiles>
    	<profile>
    		<id>local</id>
    		<properties>
    			<activeProfile>local</activeProfile>
    		</properties>
    	</profile>
    	<profile>
    		<id>dev</id>
    		<properties>
    			<activeProfile>dev</activeProfile>
    		</properties>
    	</profile>
    	<profile>
    		<id>prod</id>
    		<properties>
    			<activeProfile>prod</activeProfile>
    		</properties>
    	</profile>
    </profiles>

</project>
