{
    "CREATE_TABLE_PROJECT_DATA": "CREATE TABLE IF NOT EXISTS ProjectData (id INTEGER PRIMARY KEY , project_id INTEGER, parent_id INTEGER, file_name TEXT, file_path TEXT, file_full_path TEXT,file_type INTEGER, file_date TEXT, compare_result INTEGER DEFAULT 0, version INTEGER DEFAULT 0, updated_at TIMESTAMP DEFAULT CURRENT_TIMESTAMP);",
    "CREATE_INDEX_PROJECT_ID": "CREATE INDEX IF NOT EXISTS idx_project_data_project_id ON ProjectData(project_id);",
    "CREATE_INDEX_FILE_PATH": "CREATE INDEX IF NOT EXISTS idx_project_data_path ON ProjectData(file_path);",
    "CREATE_INDEX_PARENT_ID": "CREATE INDEX IF NOT EXISTS idx_project_data_parent_id ON ProjectData(parent_id);",
    "DELETE_ALL": "DELETE FROM ProjectData;",
    "DELETE_ONE": "DELETE FROM ProjectData WHERE id = ?;",
    "UPDATE_COMPARE_RESULT": "UPDATE ProjectData SET compare_result = ?, updated_at = CURRENT_TIMESTAMP WHERE id = ?;",
    "INSERT_DATA": "INSERT INTO ProjectData (id, project_id, parent_id, file_name, file_path, file_full_path, file_type, file_date, compare_result, version, updated_at) VALUES (?, ?, ?, ?, ?,?, ?, ?, 0, 0, CURRENT_TIMESTAMP);",
    "SELECT_COMPARE_ALL": "SELECT p1.id AS project_1_id, p1.project_id AS project_1_project_id, p1.parent_id AS project_1_parent_id, p1.file_name AS project_1_file_name, p1.file_path AS project_1_file_path, p1.file_full_path AS project_1_file_full_path, p1.file_type AS project_1_file_type, p1.file_date AS project_1_file_date, p1.version AS project_1_version, p2.id AS project_2_id, p2.project_id AS project_2_project_id, p2.parent_id AS project_2_parent_id, p2.file_name AS project_2_file_name, p2.file_path AS project_2_file_path, p2.file_full_path AS project_2_file_full_path, p2.file_type AS project_2_file_type, p2.file_date AS project_2_file_date, p2.version AS project_2_version, 0 AS CompareType FROM ProjectData p1 JOIN (SELECT * FROM ProjectData WHERE project_id = 2 AND file_type != 0) p2 ON p1.file_path = p2.file_path WHERE p1.project_id = 1 AND p1.file_type != 0 UNION ALL SELECT p1.id AS project_1_id, p1.project_id AS project_1_project_id, p1.parent_id AS project_1_parent_id, p1.file_name AS project_1_file_name, p1.file_path AS project_1_file_path, p1.file_full_path AS project_1_file_full_path, p1.file_type AS project_1_file_type, p1.file_date AS project_1_file_date, p1.version AS project_1_version, NULL AS project_2_id, NULL AS project_2_project_id, NULL AS project_2_parent_id, NULL AS project_2_file_name, NULL AS project_2_file_path, NULL AS project_2_file_full_path, NULL AS project_2_file_type, NULL AS project_2_file_date, NULL AS project_2_version, 2 AS CompareType FROM ProjectData p1 WHERE p1.project_id = 1 AND p1.file_type != 0 AND p1.file_path NOT IN (SELECT file_path FROM ProjectData WHERE project_id = 2 AND file_type != 0) UNION ALL SELECT NULL AS project_1_id, NULL AS project_1_project_id, NULL AS project_1_parent_id, NULL AS project_1_file_name, NULL AS project_1_file_path, NULL AS project_1_file_full_path, NULL AS project_1_file_type, NULL AS project_1_file_date, NULL AS project_1_version, p2.id AS project_2_id, p2.project_id AS project_2_project_id, p2.parent_id AS project_2_parent_id, p2.file_name AS project_2_file_name, p2.file_path AS project_2_file_path, p2.file_full_path AS project_2_file_full_path, p2.file_type AS project_2_file_type, p2.file_date AS project_2_file_date, p2.version AS project_2_version, 3 AS CompareType FROM ProjectData p2 WHERE p2.project_id = 2 AND p2.file_type != 0 AND p2.file_path NOT IN (SELECT file_path FROM ProjectData WHERE project_id = 1 AND file_type != 0);",
    "SELECT_COMPARE_DIFFERENT": "SELECT id as project_1_id, project_id as project_1_project_id, parent_id as project_1_parent_id, file_name as project_1_file_name, file_path as project_1_file_path, file_full_path as project_1_file_full_path,file_type as project_1_file_type, file_date as project_1_file_date, version as project_1_version, id as project_2_id, project_id as project_2_project_id, parent_id as project_2_parent_id, file_name as project_2_file_name, file_path as project_2_file_path, file_full_path as project_2_file_full_path, file_type as project_2_file_type, file_date as project_2_file_date, version as project_2_version, 2 AS CompareType FROM ProjectData WHERE project_id = 1 AND file_type != 0 AND file_path NOT IN (SELECT file_path FROM ProjectData WHERE project_id = 2 AND file_type != 0) UNION ALL SELECT id as project_1_id, project_id as project_1_project_id, parent_id as project_1_parent_id, file_name as project_1_file_name, file_path as project_1_file_path, file_full_path as project_1_file_full_path,file_type as project_1_file_type, file_date as project_1_file_date, version as project_1_version, id as project_2_id, project_id as project_2_project_id, parent_id as project_2_parent_id, file_name as project_2_file_name, file_path as project_2_file_path, file_full_path as project_2_file_full_path, file_type as project_2_file_type, file_date as project_2_file_date, version as project_2_version, 3 AS CompareType FROM ProjectData WHERE project_id = 2 AND file_type != 0 AND file_path NOT IN (SELECT file_path FROM ProjectData WHERE project_id = 1 AND file_type != 0)",
    "SELECT_COMPARE_SAME": "SELECT id as project_1_id, project_id as project_1_project_id, parent_id as project_1_parent_id, file_name as project_1_file_name, file_path as project_1_file_path, file_full_path as project_1_file_full_path,file_type as project_1_file_type, file_date as project_1_file_date, version as project_1_version, id as project_2_id, project_id as project_2_project_id, parent_id as project_2_parent_id, file_name as project_2_file_name, file_path as project_2_file_path, file_full_path as project_2_file_full_path, file_type as project_2_file_type, file_date as project_2_file_date, version as project_2_version, 2 AS CompareType FROM ProjectData WHERE project_id = 1 AND file_type != 0 AND file_path IN (SELECT file_path FROM ProjectData WHERE project_id = 2 AND file_type != 0)",
    "SELECT_NORMAL": "SELECT id as project_1_id, project_id as project_1_project_id, parent_id as project_1_parent_id, file_name as project_1_file_name, file_path as project_1_file_path, file_full_path as project_1_file_full_path,file_type as project_1_file_type, file_date as project_1_file_date, version as project_1_version, 0 AS CompareType FROM ProjectData WHERE project_id = ? AND file_type != 0",
    "UPDATE_PARENT_TREE_STATUS": "WITH RECURSIVE ParentTree AS (SELECT id, parent_id, compare_result FROM ProjectData WHERE id = ? UNION ALL SELECT pd.id, pd.parent_id, pd.compare_result FROM ProjectData pd INNER JOIN ParentTree pt ON pd.id = pt.parent_id) UPDATE ProjectData SET compare_result = ? WHERE id IN (SELECT id FROM ParentTree WHERE compare_result = 0 AND id <> ?);",
   	"SELECT_PARENT_TREE": "WITH RECURSIVE ParentTree AS (SELECT id, parent_id, compare_result FROM ProjectData WHERE id = ? UNION ALL SELECT pd.id, pd.parent_id, pd.compare_result FROM ProjectData pd INNER JOIN ParentTree pt ON pd.id = pt.parent_id) SELECT id, parent_id, compare_result FROM ParentTree WHERE compare_result = 0 AND id <> ?;"
    
}