{
    "CREATE_TABLE_PROJECT_DATA": "CREATE TABLE IF NOT EXISTS ProjectData (id INTEGER PRIMARY KEY AUTOINCREMENT, project_id INTEGER, parent_id INTEGER, file_name TEXT, file_path TEXT, file_full_path TEXT,file_type INTEGER, file_date TEXT, compare_result INTEGER DEFAULT 0, version INTEGER DEFAULT 0, updated_at TIMESTAMP DEFAULT CURRENT_TIMESTAMP);",
    "CREATE_INDEX_PROJECT_ID": "CREATE INDEX IF NOT EXISTS idx_project_data_project_id ON ProjectData(project_id);",
    "CREATE_INDEX_FILE_PATH": "CREATE INDEX IF NOT EXISTS idx_project_data_path ON ProjectData(file_path);",
    "CREATE_INDEX_PARENT_ID": "CREATE INDEX IF NOT EXISTS idx_project_data_parent_id ON ProjectData(parent_id);",
    "DELETE_ALL": "DELETE FROM ProjectData;",
    "DELETE_ONE": "DELETE FROM ProjectData WHERE id = ?;",
    "UPDATE_COMPARE_RESULT": "UPDATE ProjectData SET compare_result = ?, updated_at = CURRENT_TIMESTAMP WHERE id = ?;",
    "INSERT_DATA": "INSERT INTO ProjectData (project_id, parent_id, file_name, file_path, file_full_path, file_type, file_date, compare_result, version, updated_at) VALUES (?, ?, ?, ?,?, ?, ?, 0, 0, CURRENT_TIMESTAMP);",
    "SELECT_COMPARE_ALL": "SELECT id as project_1_id, project_id as project_1_project_id, parent_id as project_1_parent_id, file_name as project_1_file_name, file_path as project_1_file_path, file_full_path as project_1_file_full_path, file_type as project_1_file_type, file_date as project_1_file_date, version as project_1_version, id as project_2_id, project_id as project_2_project_id, parent_id as project_2_parent_id, file_name as project_2_file_name, file_path as project_2_file_path, file_full_path as project_2_file_full_path, file_type as project_2_file_type, file_date as project_2_file_date, version as project_2_version, 0 AS CompareType FROM ProjectData WHERE project_id = 1 AND file_type != 0 AND file_path IN (SELECT file_path FROM ProjectData WHERE project_id = 2 AND file_type != 0) UNION ALL SELECT id as project_1_id, project_id as project_1_project_id, parent_id as project_1_parent_id, file_name as project_1_file_name, file_path as project_1_file_path, file_full_path as project_1_file_full_path, file_type as project_1_file_type, file_date as project_1_file_date, version as project_1_version, id as project_2_id, project_id as project_2_project_id, parent_id as project_2_parent_id, file_name as project_2_file_name, file_path as project_2_file_path, file_full_path as project_2_file_full_path, file_type as project_2_file_type, file_date as project_2_file_date, version as project_2_version, 2 AS CompareType FROM ProjectData WHERE project_id = 1 AND file_type != 0 AND file_path NOT IN (SELECT file_path FROM ProjectData WHERE project_id = 2 AND file_type != 0) UNION ALL SELECT id as project_1_id, project_id as project_1_project_id, parent_id as project_1_parent_id, file_name as project_1_file_name, file_path as project_1_file_path, file_full_path as project_1_file_full_path, file_type as project_1_file_type, file_date as project_1_file_date, version as project_1_version, id as project_2_id, project_id as project_2_project_id, parent_id as project_2_parent_id, file_name as project_2_file_name, file_path as project_2_file_path, file_full_path as project_2_file_full_path, file_type as project_2_file_type, file_date as project_2_file_date, version as project_2_version, 3 AS CompareType FROM ProjectData WHERE project_id = 2 AND file_type != 0 AND file_path NOT IN (SELECT file_path FROM ProjectData WHERE project_id = 1 AND file_type != 0)",
    "SELECT_COMPARE_DIFFERENT": "SELECT id as project_1_id, project_id as project_1_project_id, parent_id as project_1_parent_id, file_name as project_1_file_name, file_path as project_1_file_path, file_full_path as project_1_file_full_path,file_type as project_1_file_type, file_date as project_1_file_date, version as project_1_version, id as project_2_id, project_id as project_2_project_id, parent_id as project_2_parent_id, file_name as project_2_file_name, file_path as project_2_file_path, file_full_path as project_2_file_full_path, file_type as project_2_file_type, file_date as project_2_file_date, version as project_2_version, 2 AS CompareType FROM ProjectData WHERE project_id = 1 AND file_type != 0 AND file_path NOT IN (SELECT file_path FROM ProjectData WHERE project_id = 2 AND file_type != 0) UNION ALL SELECT id as project_1_id, project_id as project_1_project_id, parent_id as project_1_parent_id, file_name as project_1_file_name, file_path as project_1_file_path, file_full_path as project_1_file_full_path,file_type as project_1_file_type, file_date as project_1_file_date, version as project_1_version, id as project_2_id, project_id as project_2_project_id, parent_id as project_2_parent_id, file_name as project_2_file_name, file_path as project_2_file_path, file_full_path as project_2_file_full_path, file_type as project_2_file_type, file_date as project_2_file_date, version as project_2_version, 3 AS CompareType FROM ProjectData WHERE project_id = 2 AND file_type != 0 AND file_path NOT IN (SELECT file_path FROM ProjectData WHERE project_id = 1 AND file_type != 0)",
    "SELECT_COMPARE_SAME": "SELECT id as project_1_id, project_id as project_1_project_id, parent_id as project_1_parent_id, file_name as project_1_file_name, file_path as project_1_file_path, file_full_path as project_1_file_full_path,file_type as project_1_file_type, file_date as project_1_file_date, version as project_1_version, id as project_2_id, project_id as project_2_project_id, parent_id as project_2_parent_id, file_name as project_2_file_name, file_path as project_2_file_path, file_full_path as project_2_file_full_path, file_type as project_2_file_type, file_date as project_2_file_date, version as project_2_version, 2 AS CompareType FROM ProjectData WHERE project_id = 1 AND file_type != 0 AND file_path IN (SELECT file_path FROM ProjectData WHERE project_id = 2 AND file_type != 0)"
}