<configuration>

    <!-- 콘솔에 로그 출력 설정 -->
    <appender name="console" class="ch.qos.logback.core.ConsoleAppender">
        <encoder>
            <pattern>%d{yyyy-MM-dd HH:mm:ss} [%thread] %-5level %logger{36} [%L] - %msg%n</pattern>
        </encoder>
    </appender>

    <!-- 파일에 로그 출력 설정 -->
    <appender name="file" class="ch.qos.logback.core.FileAppender">
        <!-- 로그 파일 경로와 이름 지정 -->
        <file>D:/AtalkClient/app-log.log</file>
        <append>true</append>
        <encoder>
            <pattern>%d{yyyy-MM-dd HH:mm:ss} [%thread] %-5level %logger{36} [%L] - %msg%n</pattern>
        </encoder>
    </appender>

	<appender name="rollingFile" class="ch.qos.logback.core.rolling.RollingFileAppender">
	    <file>D:/AtalkClient/app-log.log</file>
	    <rollingPolicy class="ch.qos.logback.core.rolling.TimeBasedRollingPolicy">
	        <!-- 로그 파일 백업 이름 및 보관 기간 -->
	        <fileNamePattern>logs/app-log.%d{yyyy-MM-dd}.log</fileNamePattern>
	        <maxHistory>30</maxHistory> <!-- 30일 동안의 로그 파일 보관 -->
	    </rollingPolicy>
	    <encoder>
	        <pattern>%d{yyyy-MM-dd HH:mm:ss} [%thread] %-5level %logger{36} [%L] - %msg%n</pattern>
	    </encoder>
	</appender>
	
	<logger name="com.mutecsoft.atalk.logic" level="DEBUG" />

    <!-- 로그 수준과 출력 대상 설정 -->
    <root level="info">
        <appender-ref ref="console" />
        <!--  <appender-ref ref="file" /> -->
        <appender-ref ref="rollingFile" />
    </root>
</configuration>
